<?xml version="1.0" encoding="UTF-8" standalone="yes"?>
<window id="1100">
    <defaultcontrol>1</defaultcontrol>
    <controls>
        <control type="label">
            <visible>true</visible>
            <label>Hello, World!</label>
            <textcolor>FFB2D4F5</textcolor>
        </control>

        <control type="list" id="1">
            <posx>100</posx>
            <posy>100</posy>
            <width>600</width>
            <height>400</height>
            <visible>true</visible>
            <content>
                <item>
                    <label>Item 1</label>
                </item>
            </content>
            <itemlayout>
                <control type="label">
                    <posx>0</posx>
                    <posy>0</posy>
                    <width>580</width>
                    <height>50</height>
                    <visible>true</visible>
                    <label>$INFO[ListItem.Label]</label>
                </control>
            </itemlayout>
        </control>

    </controls>
</window>
