<?xml version="1.0" encoding="UTF-8" standalone="yes"?>
<window id="1100">
    <defaultcontrol>1</defaultcontrol>
    <controls>
        <control type="label">
            <visible>true</visible>
            <label>Hello, World!</label>
            <textcolor>FFB2D4F5</textcolor>
        </control>

        <control type="list" id="1">
            <left>100</left>
            <top>100</top>
            <width>600</width>
            <height>400</height>
            <visible>true</visible>
            <content>
                <item>
                    <label>Item 1</label>
                </item>
                <item>
                    <label>Item 2</label>
                </item>
            </content>
            <itemlayout width="500" height="30">
                <control type="label">
                    <left>0</left>
                    <top>0</top>
                    <width>580</width>
                    <height>50</height>
                    <visible>true</visible>
                    <textcolor>FFB2D4F5</textcolor>
                    <label>$INFO[ListItem.Label]</label>
                </control>
            </itemlayout>
            <focusedlayout width="500" height="30">
                <control type="label">
                    <left>0</left>
                    <top>0</top>
                    <width>580</width>
                    <height>50</height>
                    <visible>true</visible>
                    <label>$INFO[ListItem.Label]</label>
                </control>
            </focusedlayout> 
        </control>

    </controls>
</window>
